{
    "rules": {
        "class-name": true,
        "comment-format": [true,
            "check-space"
        ],
        "indent": [true,
            "spaces"
        ],
        "one-line": [true,
            "check-open-brace",
            "check-whitespace"
        ],
        "no-var-requires": true,
        "no-var-keyword": false,
        "quotemark": [true,
            "double"
        ],
        "semicolon": true,
        "whitespace": [true,
            "check-branch",
            "check-operator",
            "check-separator",
            "check-type",
            "check-module"
        ],
        "typedef-whitespace": [true, {
            "call-signature": "nospace",
            "index-signature": "nospace",
            "parameter": "nospace",
            "property-declaration": "nospace",
            "variable-declaration": "nospace"
        }],
        "no-internal-module": true,
        "no-inferrable-types": true
  }
}