<?xml version="1.0"?>
<!DOCTYPE suppressions PUBLIC
    "-//Puppy Crawl//DTD Suppressions 1.1//EN"
    "https://www.puppycrawl.com/dtds/suppressions_1_1.dtd">
<suppressions>
	<suppress files="SpringApplicationTests\.java" checks="FinalClass" />
	<suppress files="SignalUtils\.java" checks="IllegalImport" />
	<suppress files="[\\/]src[\\/]test[\\/]java[\\/]cli[\\/]command[\\/]" checks="ImportControl" />
	<suppress files="[\\/]src[\\/]main[\\/]java[\\/]sample[\\/]" checks="ImportControl" />
	<suppress files="[\\/]src[\\/]test[\\/]java[\\/]sample[\\/]" checks="ImportControl" />
	<suppress files="[\\/]src[\\/]test[\\/]java[\\/]" checks="Javadoc*" />
	<suppress files="[\\/]autoconfigure[\\/]" checks="JavadocType" />
	<suppress files="[\\/]autoconfigure[\\/]" checks="JavadocVariable" />
	<suppress files="[\\/]spring-boot-docs[\\/]" checks="JavadocType" />
	<suppress files="[\\/]spring-boot-samples[\\/]" checks="JavadocType" />
	<suppress files="[\\/]spring-boot-deployment-tests[\\/]" checks="JavadocType" />
	<suppress files="[\\/]spring-boot-integration-tests[\\/]" checks="JavadocType" />
	<suppress files="Ansi.*\.java" checks="JavadocVariable" />
	<suppress files="Ansi.*\.java" checks="JavadocStyle" />
	<suppress files="LogLevel\.java" checks="JavadocVariable" />
	<suppress files="HelpMojo\.java" checks=".*"/>
	<suppress files="[\\/]org.springframework.boot.configurationprocessor.json[\\/].*\.java$" checks=".*"/>
</suppressions>
